row,sku
1,1170014
2,1170023
3,1170035
4,1170038
5,1170039
6,1220314
7,1220320
8,1220335
9,1220338
10,1361025
11,1361048
12,1361049
13,1440339
14,1460260
15,1470614
16,1470646
17,1470657
18,1470677
19,1520414
20,1520420
21,1520435
22,1520438
23,1550214
24,1550220
25,1550235
26,1550238
27,1570208
28,1570214
29,1570220
30,1570235
31,1570238
32,1570248
33,1570249
34,1570266
35,1570267
36,1570308
37,1570314
38,1570320
39,1570335
40,1570338
41,1570348
42,1570349
43,1570366
44,1570367
45,1590008
46,1590016
47,1590067
48,1660060
49,1750225
50,1840225
51,1860225
52,1880427
53,1880527
54,1970008
55,1970016
56,1970017
57,1970034
58,1970038
59,1970071
60,2020208
61,2020216
62,2020217
63,2020244
64,2020266
65,2020267
66,2030225
67,2030286
68,2030288
69,2030325
70,2030386
71,2030388
72,2140261
73,2240116
74,2240117
75,2240134
76,2240166
77,2240167
78,2260316
79,2260335
80,2260338
81,2260360
82,2340111
83,2340118
84,2340121
85,2420111
86,2420121
87,2420135
88,2420138
89,2420139
90,2430213
91,2600361
92,2660025
93,2660225
94,2660235
95,2660238
96,2660425
97,2660435
98,2660438
99,2710125
100,2710136
101,2710137
102,2710139
103,2710225
104,2710236
105,2710237
106,2710239
107,2710325
108,2710336
109,2710337
110,2710339
111,2750115
112,2750135
113,2750136
114,2750138
115,2750215
116,2750235
117,2750236
118,2750238
119,2800326
120,2810208
121,2820008
122,2880021
123,2880035
124,2880038
125,2880039
126,2921025
127,2921074
128,2921086
129,2921087
130,2921088
131,2921098
132,2921125
133,2921174
134,2921186
135,2921187
136,2921188
137,2921198
138,2921225
139,2921274
140,2921286
141,2921287
142,2921288
143,2921298
144,2921325
145,2921374
146,2921386
147,2921387
148,2921388
149,2921398
150,2922025
151,2922074
152,2922086
153,2922087
154,2922088
155,2922098
156,2922125
157,2922174
158,2922186
159,2922187
160,2922188
161,2922198
162,2990025
163,2990035
164,2990038
165,3040108
166,3040146
167,3040155
168,3040156
169,3040166
170,3040167
171,3110308
172,3110346
173,3110364
174,3110365
175,3110377
176,3160008
177,3160046
178,3160055
179,3160056
180,3160066
181,3160067
182,3170035
183,3170038
184,3190146
185,3190155
186,3190156
187,3190166
188,3190167
189,3260108
190,3260123
191,3260135
192,3260138
193,3270125
194,3270188
195,3270194
196,3320420
197,3320435
198,3320438
199,3340014
200,3340020
201,3340025
202,3340035
203,3340036
204,3340038
205,3340114
206,3340120
207,3340125
208,3340135
209,3340136
210,3340138
211,3390414
212,3390514
213,3390614
214,3390714
215,3410435
216,3410438
217,3410460
218,3510008
219,3550018
220,3550021
221,3550035
222,3630306
223,3630329
224,3640035
225,3640038
226,3640039
227,3640060
228,3640135
229,3640138
230,3640139
231,3640160
232,3680425
233,3680525
234,3710225
235,3710298
236,374N113
237,374N115
238,374N120
239,374N135
240,374N138
241,3760415
242,3760515
243,3760615
244,3800025
245,3800036
246,3800037
247,3800039
248,3800125
249,3800136
250,3800137
251,3800139
252,3800225
253,3800236
254,3800237
255,3800239
256,3820014
257,3820023
258,3820035
259,3820038
260,3860425
261,3860486
262,3860488
263,3870114
264,3870121
265,3870123
266,3870135
267,3870138
268,3880119
269,3880146
270,3880157
271,3880158
272,3880162
273,3880177
274,3880179
275,3880197
276,3970111
277,3970116
278,3970117
279,3970121
280,3970166
281,3970167
282,4010121
283,4030135
284,4030138
285,4030235
286,4030238
287,4070046
288,4070055
289,4070056
290,4070066
291,4070067
292,4120114
293,4120120
294,4120121
295,4120135
296,4120138
297,4380435
298,4380438
299,4380735
300,4380738
301,438XX21
302,4400022
303,4410016
304,4410017
305,4410034
306,4410046
307,4410071
308,4410077
309,4410084
310,4410085
311,4460125
312,4460135
313,4460136
314,4460138
315,4470025
316,4470125
317,4510113
318,4510135
319,4510138
320,4510160
321,4520021
322,4520121
323,4520221
324,4520308
325,4520310
326,4520316
327,4520317
328,4520321
329,4520325
330,4520366
331,4520367
332,4520383
333,4560046
334,4630160
335,4630260
336,4630460
337,4650025
338,4650035
339,4650038
340,4650125
341,4650135
342,4650138
343,4700214
344,4700220
345,4700235
346,4700238
347,4700239
348,4760008
349,4770014
350,4770020
351,4770035
352,4770038
353,4790025
354,4790074
355,4790086
356,4790087
357,4790088
358,4790098
359,4820028
360,4820089
361,4820094
362,4930014
363,4930023
364,4930035
365,4930038
366,5000425
367,5000525
368,5000625
369,5040446
370,5040455
371,5040456
372,5040466
373,5040467
374,5050114
375,5050120
376,5050135
377,5050138
378,5050139
379,5050314
380,5050320
381,5050335
382,5050338
383,5050339
384,5060214
385,5060216
386,5060217
387,5060223
388,5060246
389,5060255
390,5060256
391,5090313
392,5090314
393,5090315
394,5091013
395,5091014
396,5091015
397,5091113
398,5091114
399,5091115
400,5091213
401,5091214
402,5091215
403,5091313
404,5091314
405,5091315
406,5120225
407,5120248
408,5120249
409,5120325
410,5120348
411,5120349
412,5130213
413,5130214
414,5130215
415,5131013
416,5131014
417,5131015
418,5131113
419,5131114
420,5131115
421,5131213
422,5131214
423,5131215
424,5131313
425,5131314
426,5131315
427,5170221
428,5190215
429,5190221
430,5190235
431,5190238
432,5190239
433,5200220
434,5360113
435,5390111
436,5420214
437,5420221
438,5420223
439,5420235
440,5420238
441,5439913
442,5439915
443,5439918
444,5450128
445,5450148
446,5450167
447,5470411
448,5470416
449,5470417
450,5470423
451,5470460
452,5470466
453,5470467
454,551N314
455,551N320
456,551N335
457,551N338
458,5620213
459,5620215
460,5620218
461,5700239
462,5700314
463,5700320
464,5700335
465,5700338
466,5700339
467,5700355
468,5700356
469,5730014
470,5730020
471,5730035
472,5730038
473,5730060
474,5740101
475,5740146
476,5740163
477,5740175
478,5740177
479,5740190
480,5740198
481,5740301
482,5740346
483,5740363
484,5740375
485,5740377
486,5740390
487,5740398
488,5860225
489,5860325
490,5900114
491,5900120
492,5900135
493,5900138
494,5900139
495,5910414
496,5910420
497,5910435
498,5910438
499,5910439
500,5910508
501,5910516
502,5910517
503,5910566
504,5910567
505,5910569
506,5910570
507,5980214
508,5980220
509,5980235
510,5980238
511,6080514
512,6080518
513,6080520
514,6080535
515,6080538
516,6080539
517,6090516
518,6090517
519,6090519
520,6090540
521,6090541
522,6090546
523,6090557
524,6090577
525,6110214
526,6110220
527,6110235
528,6110238
529,6110239
530,6110314
531,6110320
532,6110335
533,6110338
534,6110339
535,611XX21
536,6160260
537,6160360
538,6160660
539,6190005
540,6190025
541,6190049
542,6190105
543,6190125
544,6190149
545,6230216
546,6230217
547,6230234
548,6230266
549,6230267
550,6230316
551,6230317
552,6230334
553,6230366
554,6230367
555,6230516
556,6230517
557,6230534
558,6230566
559,6230567
560,6240518
561,630XX21
562,6310013
563,6330325
564,6330387
565,6330388
566,6330394
567,6330396
568,6330398
569,6330425
570,6330487
571,6330488
572,6330494
573,6330496
574,6330498
575,6340314
576,6340320
577,6340335
578,6340338
579,6340360
580,6340361
581,6370425
582,6370525
583,6390539
584,6390639
585,6450035
586,6450038
587,6460514
588,6460520
589,6460535
590,6460538
591,6470213
592,6470214
593,6470215
594,6470313
595,6470314
596,6470315
597,6480413
598,6480414
599,6480415
600,6490408
601,6490416
602,6490417
603,6490434
604,6490466
605,6490467
606,6510308
607,6510346
608,6510351
609,6510508
610,6510546
611,6510551
612,6530614
613,6530623
614,6530635
615,6530638
616,6550225
617,6550325
618,6570108
619,6570116
620,6570117
621,6570134
622,6570155
623,6570156
624,6570175
625,6570176
626,6570177
627,6570199
628,6580614
629,6580620
630,6580635
631,6580638
632,6580639
633,6580714
634,6580720
635,6580735
636,6580738
637,6580739
638,6630319
639,6630340
640,6630341
641,6630346
642,6630357
643,6630358
644,6630362
645,6630377
646,6660229
647,6660329
648,6690335
649,6690338
650,6690339
651,6690435
652,6690438
653,6690439
654,6730225
655,6730425
656,6740235
657,6740238
658,6750525
659,6750535
660,6750538
661,6870418
662,6870435
663,6870468
664,689XX21
665,6910314
666,6910320
667,6910335
668,6910338
669,6910339
670,6920225
671,6920225W3
672,6920325
673,6920325W3
674,6930213
675,6930313
676,6950220
677,6950235
678,6950238
679,6950239
680,6950320
681,6950335
682,6950338
683,6950339
684,7041625
685,7041635
686,7041636
687,7041638
688,7140087
689,7140096
690,7140098
691,7180121
692,7180135
693,7180138
694,7200214
695,7200220
696,7200235
697,7200238
698,7380836
699,7380837
700,7380839
701,7410061
702,7410087
703,7410088
704,7410094
705,7410096
706,7450113
707,7450114
708,7450115
709,7460212
710,7460312
711,7520406
712,7530313
713,7530413
714,7530513
715,7600925
716,7600948
717,7600949
718,7630406
719,7640106
720,7640129
721,7790008
722,7790060
723,7800008
724,7800021
725,7800035
726,7800038
727,7800039
728,7810313
729,7810315
730,7810318
731,7840408
732,7840416
733,7840417
734,7840434
735,7840466
736,7840467
737,7840499
738,7850114
739,7850120
740,7850135
741,7850138
742,7920225
743,7920288
744,7920294
745,7940019
746,7940027
747,7940040
748,7940041
749,7940046
750,7940057
751,7940058
752,7940062
753,7940077
754,7942119
755,7942140
756,7942141
757,7942146
758,7942157
759,7942158
760,7942162
761,7942177
762,7970011
763,7970021
764,7970035
765,7990421
766,7990422
767,8040214
768,8040239
769,8110625
770,8110698
771,8130221
772,8160121
773,8160135
774,8160138
775,8160139
776,8160160
777,8220239W3
778,8250014
779,8250021
780,8250023
781,8250035
782,8250038
783,8320225
784,8320277
785,8320288
786,8320294
787,8430314
788,8430315
789,8430323
790,8430335
791,8430338
792,8450118
793,8450120
794,8450121
795,8450168
796,8470125
797,8470186
798,8470188
799,8490414
800,8490421
801,8490423
802,8490435
803,8490438
804,8490439
805,8630216
806,8630267
807,8650325
808,8650374
809,8650386
810,8650387
811,8650388
812,8650398
813,8650425
814,8650474
815,8650486
816,8650487
817,8650488
818,8650498
819,8660025
820,8660125
821,8740106
822,8740129
823,8770169
824,8770170
825,8770208
826,8770214
827,8770216
828,8770217
829,8770223
830,8770235
831,8770238
832,8770239
833,8770266
834,8770267
835,8800339
836,8810214
837,8810220
838,8810235
839,8810238
840,8810239
841,8840414
842,8840420
843,8840435
844,8840438
845,8840460
846,8850235
847,8850244
848,8850268
849,8890525
850,8890574
851,8890586
852,8890587
853,8890588
854,8890598
855,8890625
856,8890674
857,8890686
858,8890687
859,8890688
860,8890698
861,8980335
862,8980338
863,898XX21
864,898XX22
865,9021225
866,9120260
867,9120360
868,9390214
869,9390220
870,9390235
871,9390238
872,9390239
873,9390314
874,9390320
875,9390335
876,9390338
877,9390339
878,9450125
879,9450135
880,9450136
881,9450138
882,9470221
883,9470230
884,9470321
885,9470330
886,9470408
887,9470421
888,9470430
889,9470508
890,9470521
891,9470530
892,9520125
893,9520188
894,9520194
895,9540125
896,9540135
897,9540136
898,9540138
899,9540208
900,9540236
901,9540255
902,9540256
903,9540308
904,9540336
905,9540355
906,9540356
907,9570125
908,9570174
909,9570186
910,9570187
911,9570188
912,9570198
913,9580114
914,9580115
915,9580120
916,9580135
917,9580138
918,9580139
919,9580214
920,9580215
921,9580220
922,9580235
923,9580238
924,9580239
925,958XX21
926,9610125
927,9610135
928,9610136
929,9610138
930,9610225
931,9610235
932,9610236
933,9610238
934,9790325
935,9790386
936,9790388
937,9800214
938,9800220
939,9800235
940,9800238
941,9800239
942,9800314
943,9800320
944,9800335
945,9800338
946,9800339
947,9810135
948,9810138
949,9840014
950,9840023
951,9840035
952,9840038
953,9920014
954,9920023
955,9920035
956,9920038
957,9960216
958,9960217
959,9960266
960,9960267
961,9960269
962,9960270
963,9960416
964,9960417
965,9960466
966,9960467
967,9960469
968,9960470
969,9960516
970,9960517
971,9960566
972,9960567
973,9960569
974,9960570
975,A1000051
976,A1000080
977,A1000080T
978,A1000110
979,A1000148
980,A1000148P
981,A1000156
982,A1000183
983,A1000203
984,A1000208
985,A1000218
986,A1000220
987,A1000221
988,A1000222
989,A1000245
990,A1000246
991,A1000251
992,A1000252
993,A1000256
994,A1000256P
995,A1000257
996,A1000258
997,A1000259
998,A1000262
999,A1000263
1000,A1000264
1001,A1000266
1002,A1000266P
1003,A1000267
1004,A1000268
1005,A1000270
1006,A1000271
1007,A1000274
1008,A1000276
1009,A1000276P
1010,A1000278
1011,A1000279
1012,A1000280
1013,A1000281
1014,A1000283
1015,A1000284
1016,A1000285
1017,A1000290
1018,A1000291
1019,A1000293
1020,A1000294
1021,A1000294P
1022,A1000297
1023,A1000298
1024,A1000300
1025,A1000302
1026,A1000306
1027,A1000308
1028,A1000312
1029,A1000313
1030,A1000314
1031,A1000316
1032,A1000320
1033,A1000322
1034,A1000322P
1035,A1000323
1036,A1000325
1037,A1000327
1038,A1000328
1039,A1000328P
1040,A1000329
1041,A1000330
1042,A1000331
1043,A1000333
1044,A1000335
1045,A1000337
1046,A1000338
1047,A1000339
1048,A1000341
1049,A1000342
1050,A1000343
1051,A1000344
1052,A1000347
1053,A1000348
1054,A1000351
1055,A1000352
1056,A1000354
1057,A1000355
1058,A1000357
1059,A1000361
1060,A1000363
1061,A1000367
1062,A1000368
1063,A1000369
1064,A1000372
1065,A1000375
1066,A1000376
1067,A1000380
1068,A1000382
1069,A1000384
1070,A1000385
1071,A1000387
1072,A1000391
1073,A1000391P
1074,A1000392
1075,A1000392T
1076,A1000393
1077,A1000393T
1078,A1000394
1079,A1000400
1080,A1000401
1081,A1000403
1082,A1000404
1083,A1000405
1084,A1000408
1085,A1000409
1086,A1000409P
1087,A1000411
1088,A1000413
1089,A1000414
1090,A1000415
1091,A1000416
1092,A1000418
1093,A1000419
1094,A1000424
1095,A1000429
1096,A1000432
1097,A1000434
1098,A1000436
1099,A1000440
1100,A1000448
1101,A1000458
1102,A1000459
1103,A1000460
1104,A1000462
1105,A1000463
1106,A1000464
1107,A1000465
1108,A1000466
1109,A1000467
1110,A1000468
1111,A1000469
1112,A1000491
1113,A1000491P
1114,A1000495
1115,A1000495T
1116,A1000497
1117,A1000497T
1118,A1000498
1119,A1000498T
1120,A1000499
1121,A1000499T
1122,A1000502
1123,A1000503
1124,A1000504
1125,A1000507
1126,A1000510
1127,A1000514
1128,A1000515
1129,A1000516
1130,A1000517
1131,A1000518
1132,A1000519
1133,A1000521
1134,A1000522
1135,A1000522P
1136,A1000528
1137,A1000529
1138,A1000532
1139,A1000533
1140,A1000534
1141,A1000538
1142,A1000539
1143,A1000542
1144,A1000549
1145,A1000551
1146,A1000551T
1147,A1000555
1148,A1000556
1149,A1000561
1150,A1000562
1151,A1000563
1152,A1000564
1153,A1000571
1154,A1000572
1155,A1000583
1156,A1000583P
1157,A1000584
1158,A1000584P
1159,A1000588
1160,A1000588P
1161,A1000604
1162,A1000605
1163,A1000605T
1164,A1000609
1165,A1000610
1166,A1000611
1167,A1000611T
1168,A1000613
1169,A1000613T
1170,A1000617
1171,A1000617T
1172,A1000618
1173,A1000618T
1174,A1000627
1175,A1000629
1176,A1000630
1177,A1000632
1178,A1000633
1179,A1000633P
1180,A1000634
1181,A1000638
1182,A1000640
1183,A1000641
1184,A1000642
1185,A1000644
1186,A1000645
1187,A1000651
1188,A1000653
1189,A1000654
1190,A1000657
1191,A1000658
1192,A1000660
1193,A1000662
1194,A1000663
1195,A1000664
1196,A1000669
1197,A1000670
1198,A1000671
1199,A1000673
1200,A1000676
1201,A1000678
1202,A1000679
1203,A1000680
1204,A1000681
1205,A1000682
1206,A1000683
1207,A1000684
1208,A1000684P
1209,A1000685
1210,A1000685P
1211,A1000686
1212,A1000689
1213,A1000691
1214,A1000694
1215,A1000699
1216,A1000699P
1217,A1000700
1218,A1000701
1219,A1000702
1220,A1000704
1221,A1000708
1222,A1000714
1223,A1000714P
1224,A1000715
1225,A1000716
1226,A1000717
1227,A1000717P
1228,A1000718
1229,A1000718P
1230,A1000719
1231,A1000720
1232,A1000721
1233,A1000723
1234,A1000724
1235,A1000727
1236,A1000728
1237,A1000729
1238,A1000730
1239,A1000730P
1240,A1000741
1241,A1000741T
1242,A1000742
1243,A1000742T
1244,A1000744
1245,A1000747
1246,A1000748
1247,A1000750
1248,A1000750P
1249,A1000751
1250,A1000752
1251,A1000764
1252,A1000766
1253,A1000771
1254,A1000782
1255,A1000782P
1256,A1000783
1257,A1000785
1258,A1000786
1259,A1000786P
1260,A1000788
1261,A1000789
1262,A1000790
1263,A1000791
1264,A1000792
1265,A1000792P
1266,A1000793
1267,A1000793P
1268,A1000794
1269,A1000795
1270,A2000142
1271,A2000143
1272,A2000145
1273,A2000147
1274,A2000148
1275,A2000149
1276,A2000151
1277,A2000152
1278,A2000152F
1279,A2000153
1280,A2000154
1281,A2000155
1282,A2000157
1283,A2000158
1284,A2000162
1285,A2000162C
1286,A2000163
1287,A2000165
1288,A2000165V
1289,A2000169
1290,A2000171
1291,A2000173
1292,A2000176
1293,A2000176C
1294,A2000177
1295,A2000177C
1296,A2000181
1297,A2000183
1298,A2000184
1299,A2000186
1300,A2000187
1301,A2000187T
1302,A2000188
1303,A2000194
1304,A2000195
1305,A2000197
1306,A2000198
1307,A2000200
1308,A2000201
1309,A2000201C
1310,A2000202
1311,A2000203
1312,A2000204
1313,A2000204C
1314,A2000205
1315,A2000207
1316,A2000209
1317,A2000211
1318,A2000211T
1319,A2000212
1320,A2000215
1321,A2000216
1322,A2000217
1323,A2000217V
1324,A2000218
1325,A2000219
1326,A2000220
1327,A2000222
1328,A2000225
1329,A2000226
1330,A2000226C
1331,A2000228
1332,A2000228T
1333,A2000230
1334,A2000231
1335,A2000232
1336,A2000237
1337,A2000238
1338,A2000239
1339,A2000240
1340,A2000241
1341,A2000242
1342,A2000253
1343,A2000268
1344,A2000268S
1345,A2000272
1346,A2000273
1347,A2000276
1348,A2000277
1349,A2000280
1350,A2000281
1351,A2000281V
1352,A2000282
1353,A2000282V
1354,A2000283
1355,A2000285
1356,A2000288
1357,A2000290
1358,A2000291
1359,A2000292
1360,A2000293
1361,A2000294
1362,A2000297
1363,A2000298
1364,A2000299
1365,A2000302
1366,A2000303
1367,A2000304
1368,A2000305
1369,A2000306
1370,A2000307
1371,A2000308
1372,A2000310
1373,A2000318
1374,A2000320
1375,A2000321
1376,A2080001
1377,A2080001F
1378,A2080002
1379,A2080002F
1380,A2080003
1381,A2080004
1382,A2080004F
1383,A2080005
1384,A2080005F
1385,A2C00015
1386,A2C00051
1387,A2C00116
1388,A2C00119
1389,A2C00121
1390,A2C00122
1391,A2C00123
1392,A2C00126
1393,A2C00129
1394,A3000042
1395,A4000101
1396,A4000118
1397,A52100594
1398,A52100612
1399,A52200018
1400,A52200041
1401,A52200712
1402,A52200812
1403,A52200914
1404,A52201208
1405,A52400290
1406,A52400511
1407,A52400512
1408,A52400513
1409,A52600001
1410,A52600002
1411,A52600004
1412,A52600005
1413,A52600006
1414,A52600631
1415,A52601047
1416,A52601197
1417,A52601371
1418,A52800001
1419,A52800002
1420,A52800301
1421,A52800702
1422,A52801713
1423,A54200001
1424,A54200101
1425,A54200102
1426,A54200103
1427,A54200401
1428,A54200501
1429,A54200504
1430,A54200507
1431,A54200705
1432,A54200801
1433,A54201001
1434,A54201507
1435,A54201508
1436,A54201509
1437,A54201510
1438,A54201601
1439,A54201802
1440,A54201805
1441,A54201807
1442,A54300001
1443,A54300005
1444,A54300006
1445,A54300007
1446,A54300101
1447,A54300201
1448,A54300301
1449,A54300601
1450,A57002003
1451,A57002013
1452,A57005001
1453,A57005002
1454,A57005003
1455,A57005004
1456,A57005011
1457,A57005012
1458,A57005013
1459,A57005021
1460,A57005023
1461,A57005031
1462,A57005033
1463,A57005034
1464,A58000001
1465,A58000004
1466,A58000010
1467,A58000016
1468,A58000018
1469,A58000021
1470,A58000028
1471,A58000029
1472,A58000031
1473,A58000033
1474,A58000034
1475,A58000037
1476,A58000038
1477,A58000041
1478,A58000044
1479,A58000045
1480,A58000046
1481,A58000047
1482,A58000091
1483,A60000001
1484,A60000002
1485,A60000004
1486,A60000005
1487,A60000006
1488,A60000007
1489,A60000011
1490,A60000013
1491,A60000014
1492,A60000015
1493,A60000016
1494,A60000017
1495,A60000020
1496,A60000027
1497,A60000038
1498,A60000048
1499,A60000049
1500,A60000050
1501,A60000053
1502,A60000058
1503,A60000060
1504,A60000061
1505,A60000093
1506,A60000106
1507,A60000119
1508,A60000121
1509,A60000124
1510,A60000129
1511,A60000130
1512,A60000131
1513,A60000132
1514,A60000133
1515,A60000135
1516,A60000139
1517,A60000153
1518,A60000158
1519,A60000161
1520,A60000162
1521,A60000163
1522,A60000169
1523,A60000170
1524,A60000171
1525,A60000172
1526,A60000175
1527,A60000178
1528,A60000179
1529,A60000182
1530,A60000183
1531,A60000192
1532,A60000196
1533,A60000203
1534,A60000204
1535,A60000209
1536,A60000211
1537,A60000213
1538,A60000216
1539,A60000218
1540,A60000226
1541,A60000227
1542,A60000228
1543,A60000232
1544,A60000234
1545,A60000235
1546,A60000237
1547,A60000239
1548,A60000243
1549,A60000246
1550,A60000247
1551,A60000248
1552,A60000249
1553,A60000251
1554,A60000253
1555,A60000256
1556,A60000260
1557,A60000261
1558,A60000264
1559,A60000268
1560,A60000272
1561,A60000273
1562,A60000275
1563,A60000277
1564,A60000283
1565,A60000284
1566,A60000289
1567,A60000292
1568,A60000300
1569,A60000302
1570,A60000303
1571,A60000311
1572,A60000316
1573,A60000319
1574,A60000320
1575,A60000321
1576,A60000325
1577,A60000326
1578,A60000327
1579,A60000328
1580,A60000341
1581,A60000345
1582,A60000346
1583,A60000351
1584,A60000352
1585,A60000353
1586,A60000355
1587,A60000357
1588,A60000360
1589,A60000361
1590,A60000363
1591,A60000366
1592,A60000367
1593,A60000369
1594,A60000370
1595,A60000371
1596,A60000373
1597,A60000381
1598,A60000385
1599,A60000387
1600,A60000389
1601,A60000393
1602,A60000399
1603,A60000407
1604,A60000408
1605,A60000409
1606,A60000410
1607,A60000411
1608,A60000412
1609,A60000413
1610,A60000414
1611,A60000420
1612,A60000423
1613,A60000430
1614,A60000434
1615,A60000436
1616,A60000437
1617,A60000442
1618,A60000443
1619,A60000447
1620,A60000449
1621,A60000450
1622,A60000457
1623,A60000459
1624,A60000469
1625,A60000470
1626,A60000471
1627,A60000473
1628,A60000476
1629,A60000490
1630,A60000491
1631,A60000495
1632,A60000496
1633,A60000497
1634,A60000501
1635,A60000504
1636,A60000513
1637,A60000528
1638,A60000529
1639,A60000530
1640,A60000536
1641,A60000560
1642,A60000561
1643,A60000570
1644,A60000577
1645,A60000585
1646,A60000613
1647,A60000614
1648,A60000626
1649,A60000644
1650,A60000660
1651,A60000662
1652,A60000663
1653,A60000695
1654,A60000739
1655,A60000740
1656,A60000741
1657,A60000745
1658,A60000749
1659,A60000756
1660,A60000759
1661,A60000760
1662,A60000770
1663,A60000772
1664,A60000773
1665,A60000794
1666,A60000802
1667,A60000804
1668,A60000810
1669,A60000811
1670,A60000816
1671,A60000817
1672,A60000820
1673,A60000821
1674,A60000822
1675,A60000823
1676,A60000824
1677,A60000826
1678,A60000827
1679,A60000828
1680,A60000829
1681,A60000830
1682,A60000833
1683,A60000835
1684,A60000865
1685,A60000869
1686,A60000879
1687,A60000880
1688,A60000881
1689,A60000897
1690,A60000899
1691,A60000901
1692,A60000902
1693,A60000903
1694,A60000905
1695,A60000906
1696,A60000914
1697,A60000927
1698,A60000928
1699,A60000929
1700,A60000930
1701,A60000931
1702,A60000932
1703,A60000933
1704,A60000934
1705,A60000935
1706,A60000936
1707,A60000939
1708,A60000940
1709,A60000941
1710,A60000943
1711,A60000944
1712,A60000946
1713,A60000947
1714,A60000948
1715,A60000949
1716,A60001133
1717,A60001134
1718,A60001135
1719,A60001139
1720,A60001142
1721,A60001143
1722,A60001144
1723,A60001145
1724,A60001163
1725,A60001164
1726,A60001167
1727,A60001168
1728,A60001172
1729,A60001173
1730,A60001174
1731,A60001175
1732,A60001176
1733,A60001177
1734,A60001180
1735,A60001181
1736,A60001182
1737,A60001183
1738,A60001322
1739,A60001324
1740,A60001329
1741,A60001333
1742,A60001414
1743,A60001433
1744,A60001434
1745,A60001435
1746,A60001436
1747,A60001437
1748,A60001440
1749,A60001441
1750,A60001442
1751,A60001444
1752,A60001445
1753,A60001446
1754,A60001451
1755,A60001453
1756,A60001454
1757,A60001455
1758,A60001458
1759,A60001459
1760,A60001460
1761,A60001462
1762,A60001463
1763,A60001466
1764,A60001580
1765,A60001670
1766,A60001691
1767,A60001770
1768,A60001771
1769,A60001772
1770,A60001773
1771,A60001777
1772,A60001778
1773,A60001885
1774,A60001887
1775,A60001893
1776,A60001923
1777,A60002162
1778,A60002163
1779,A60002164
1780,A60002165
1781,A60002179
1782,A60002206
1783,A60002315
1784,A60002320
1785,A60002333B
1786,A60002333T
1787,A60002344
1788,A60002389
1789,A60002390
1790,A60002391
1791,A60002392
1792,A60002393
1793,A60002394
1794,A60002396
1795,A60002485
1796,A60002508
1797,A60002511
1798,A60002512
1799,A60002513
1800,A60002514
1801,A60002515
1802,A60002531
1803,A60002535
1804,A60002546
1805,A60002553
1806,A60002554
1807,A60002555
1808,A60002557
1809,A60002558
1810,A60002561
1811,A60002562
1812,A60002589
1813,A60002590
1814,A60002591
1815,A60002905
1816,A60003045
1817,A60003047
1818,A60003074
1819,A8000009
1820,A8000079
1821,A8000083
1822,A8000084
1823,A8000105
1824,A8000119
1825,A8000140
1826,A8000142
1827,A8000145
1828,A8000146
1829,A8000147
1830,A8000150
1831,A8000158
1832,A8000160
1833,A8000161
1834,A8000165
1835,A8000172
1836,A8000173
1837,A8000175
1838,A8000176
1839,A8000177
1840,A8000178
1841,A8000180
1842,A8000181
1843,A8000183
1844,A8000185
1845,A8000191
1846,A8000193
1847,A8000194
1848,A8000195
1849,A8000196
1850,A8000197
1851,A8000199
1852,A8000200
1853,A8000201
1854,A8000202
1855,A8000203
1856,A8000204
1857,A8000205
1858,A8000206
1859,A8000207
1860,A8000209
1861,A8000211
1862,A8000213
1863,A8000215
1864,A8000217
1865,A8000226
1866,A8000227
1867,A8000228
1868,A8000234
1869,A8000235
1870,A8000238
1871,A8000242
1872,A8000243
1873,A8000244
1874,A8000245
1875,A8000247
1876,A8000250
1877,A8010002
1878,A8010003
1879,A8010004
1880,A8010008
1881,A8010010
1882,A8010011
1883,A8010012
1884,A8010013
1885,A8010015
1886,A8010019
1887,A8010022
1888,A8010023
1889,A8010026
1890,A8010027
1891,A8010028
1892,A8010030
1893,A8010032
1894,A8010033
1895,A8010035
1896,A8010038
1897,A8010040
1898,A8010042
1899,A8010045
1900,A8010047
1901,A8010049
1902,A8010050
1903,A8010051
1904,A8010052
1905,A8010053
1906,A8010056
1907,A8010057
1908,A8010058
1909,A8010059
1910,A8010060
1911,A8010063
1912,A8010064
1913,A8010066
1914,A8010067
1915,A8010070
1916,A8010071
1917,A8010074
1918,A8010075
1919,A8010078
1920,A8010082
1921,A8010084
1922,A8010085
1923,A8010088
1924,A8010090
1925,A8010091
1926,A8010092
1927,A8010093
1928,A8010095
1929,A8010100
1930,A8010102
1931,A8010103
1932,A8010105
1933,A8010121
1934,A8010122
1935,A8010128
1936,B011-153
1937,B011-187
1938,B011-253
1939,B011-287
1940,B011-353
1941,B013-292
1942,B013-692
1943,B013-792
1944,B020-181
1945,B020-182
1946,B020-381
1947,B020-382
1948,B071-31
1949,B071-36
1950,B071-46
1951,B071-54
1952,B071-56
1953,B071-57
1954,B071-58
1955,B071-92
1956,B071-96
1957,B071-97
1958,B072-31
1959,B072-36
1960,B072-46
1961,B072-54
1962,B072-56
1963,B072-57
1964,B072-58
1965,B072-92
1966,B099-21
1967,B099-26
1968,B099-46
1969,B099-53
1970,B099-70
1971,B099-71
1972,B099-72
1973,B099-86
1974,B099-87
1975,B099-91
1976,B1000-100
1977,B102-60
1978,B103-50D
1979,B103-50T
1980,B103-53
1981,B103-60
1982,B103-83
1983,B105-60
1984,B105-74
1985,B105-77
1986,B105-96
1987,B107-71
1988,B107-72
1989,B107-81
1990,B130-181
1991,B130-182
1992,B130-481
1993,B130-482
1994,B130-580
1995,B131-60
1996,B138-38
1997,B139-38
1998,B171-209
1999,B171-21
2000,B171-26
2001,B171-46
2002,B171-52
2003,B171-53
2004,B171-60
2005,B171-82
2006,B171-84
2007,B171-86
2008,B171-87
2009,B171-92
2010,B173-21
2011,B173-26
2012,B173-46
2013,B173-51
2014,B173-52
2015,B173-60
2016,B173-82
2017,B173-84
2018,B173-86
2019,B173-87
2020,B173-92
2021,B175-31
2022,B175-36
2023,B175-46
2024,B175-54
2025,B175-56
2026,B175-57
2027,B175-58
2028,B175-60
2029,B175-61
2030,B175-62
2031,B175-93
2032,B175-98
2033,B175-99
2034,B179-54S
2035,B179-57
2036,B179-95
2037,B182-01
2038,B182-21
2039,B182-22
2040,B182-26
2041,B182-37
2042,B182-46
2043,B182-62
2044,B182-63
2045,B182-74
2046,B182-77
2047,B182-92
2048,B188-43
2049,B188-50
2050,B188-80
2051,B189-21
2052,B189-26
2053,B189-46
2054,B189-62
2055,B189-63
2056,B189-64
2057,B189-67
2058,B189-83
2059,B189-88
2060,B189-91
2061,B207-21
2062,B207-26
2063,B207-46
2064,B207-51
2065,B207-52
2066,B207-53
2067,B207-80
2068,B207-82
2069,B207-84
2070,B207-87
2071,B207-92
2072,B209-157
2073,B209-158
2074,B209-31
2075,B209-36
2076,B209-46
2077,B209-54
2078,B209-56
2079,B209-57
2080,B209-58
2081,B209-92
2082,B216-31
2083,B216-36
2084,B216-39
2085,B216-46
2086,B216-51
2087,B216-55
2088,B216-63
2089,B216-65
2090,B216-71
2091,B216-74
2092,B216-77
2093,B216-84
2094,B216-86
2095,B216-87
2096,B216-92
2097,B216-96
2098,B216-98
2099,B216-99
2100,B217-54S
2101,B217-56
2102,B217-58
2103,B217-95
2104,B218-31
2105,B218-36
2106,B218-37
2107,B218-46
2108,B218-54
2109,B218-56
2110,B218-57
2111,B218-58
2112,B218-74
2113,B218-76
2114,B218-77
2115,B218-78
2116,B218-92
2117,B218-96
2118,B218-97
2119,B220-31
2120,B220-36
2121,B220-46
2122,B220-54
2123,B220-64S
2124,B220-67
2125,B220-92
2126,B220-95
2127,B223-31
2128,B223-36
2129,B223-46
2130,B223-74
2131,B223-76
2132,B223-77
2133,B223-78
2134,B223-92
2135,B223-96
2136,B223-97
2137,B224-49
2138,B224-74
2139,B224-76
2140,B224-77
2141,B224-78
2142,B224-98
2143,B224-99
2144,B239-13L
2145,B239-13R
2146,B239-17
2147,B239-19
2148,B239-68B
2149,B239-68T
2150,B246-164S
2151,B246-166S
2152,B246-50
2153,B246-70
2154,B247-31
2155,B247-36
2156,B247-46
2157,B247-54
2158,B247-56
2159,B247-57
2160,B247-58
2161,B247-92
2162,B247-96
2163,B247-97
2164,B251-13L
2165,B251-17
2166,B251-19
2167,B251-49
2168,B251-68B
2169,B251-68T
2170,B257-31
2171,B257-36
2172,B257-46
2173,B257-54
2174,B257-56
2175,B257-57
2176,B257-58
2177,B257-92
2178,B257-96
2179,B257-97
2180,B258-39
2181,B267-62
2182,B267-63
2183,B267-71
2184,B267-72
2185,B267-82
2186,B267-88
2187,B268-31
2188,B268-36
2189,B268-46
2190,B268-54
2191,B268-56
2192,B268-57
2193,B268-58
2194,B268-74
2195,B268-76
2196,B268-77
2197,B268-78
2198,B268-92
2199,B268-94
2200,B268-96
2201,B268-97
2202,B268-98
2203,B268-99
2204,B270-57
2205,B270-66
2206,B270-68
2207,B270-99
2208,B273-45
2209,B273-54
2210,B273-56
2211,B273-57
2212,B273-58
2213,B273-61
2214,B273-62
2215,B273-71
2216,B273-72
2217,B273-84
2218,B273-87
2219,B273-91
2220,B273-98
2221,B273-99
2222,B300-187
2223,B300-31
2224,B300-36
2225,B300-39
2226,B300-44
2227,B300-50
2228,B300-54
2229,B300-54S
2230,B300-56
2231,B300-56S
2232,B300-57
2233,B300-58
2234,B300-60
2235,B300-77
2236,B300-78
2237,B300-84
2238,B300-84S
2239,B300-86
2240,B300-87
2241,B300-88
2242,B300-91
2243,B300-95
2244,B300-96
2245,B300-97
2246,B324-50
2247,B324-58P
2248,B324-58R
2249,B324-59
2250,B355-21
2251,B355-26
2252,B355-46
2253,B355-52
2254,B355-53
2255,B355-83
2256,B355-84
2257,B355-86
2258,B355-87
2259,B355-91
2260,B362-50
2261,B362-70
2262,B362-71
2263,B369-49
2264,B407-31
2265,B407-36
2266,B407-44
2267,B407-54
2268,B407-54S
2269,B407-56
2270,B407-56S
2271,B407-57
2272,B407-58
2273,B407-91
2274,B407-95
2275,B407-96
2276,B407-97
2277,B409-31
2278,B409-36
2279,B409-46
2280,B409-57
2281,B409-92
2282,B415-31
2283,B415-36
2284,B415-46
2285,B415-67
2286,B415-92
2287,B420-31
2288,B420-36
2289,B420-46
2290,B420-57
2291,B420-91
2292,B446-71
2293,B446-72
2294,B457-31
2295,B457-36
2296,B457-46
2297,B457-54
2298,B457-54S
2299,B457-56
2300,B457-56S
2301,B457-57
2302,B457-58
2303,B457-91
2304,B457-95
2305,B465-81
2306,B465-82
2307,B465-96
2308,B465-97
2309,B473-39
2310,B473-54
2311,B473-57
2312,B473-84
2313,B473-86
2314,B473-87
2315,B473-96
2316,B504-21
2317,B504-26
2318,B504-45
2319,B504-53
2320,B504-83
2321,B504-86
2322,B504-87
2323,B504-92
2324,B508-82W1
2325,B508-96W1
2326,B512-21
2327,B512-26
2328,B512-38
2329,B512-45
2330,B512-52
2331,B512-53
2332,B512-54
2333,B512-57
2334,B512-83
2335,B512-84
2336,B512-86
2337,B512-87
2338,B512-91
2339,B512-96
2340,B520-31
2341,B520-36
2342,B520-39
2343,B520-46
2344,B520-74
2345,B520-76
2346,B520-77
2347,B520-78
2348,B520-93
2349,B520-95
2350,B520-98
2351,B520-99
2352,B521-50
2353,B521-59P
2354,B521-59R
2355,B521-59S
2356,B523-21
2357,B523-26
2358,B523-45
2359,B523-52S
2360,B523-53
2361,B523-54S
2362,B523-57
2363,B523-83S
2364,B523-84S
2365,B523-86S
2366,B523-87
2367,B523-92
2368,B523-96S
2369,B529-31
2370,B529-36
2371,B529-46
2372,B529-54
2373,B529-56
2374,B529-56W1
2375,B529-57
2376,B529-58
2377,B529-58W1
2378,B529-92
2379,B529-94
2380,B529-96
2381,B529-97
2382,B529-97W1
2383,B548-31
2384,B548-36
2385,B548-46
2386,B548-81
2387,B548-82
2388,B548-92
2389,B548-94
2390,B548-96
2391,B548-97
2392,B5510-31
2393,B5510-36
2394,B5510-46
2395,B5510-64
2396,B5510-67
2397,B5510-98
2398,B553-39
2399,B554-56W1
2400,B554-58W1
2401,B554-96W1
2402,B5573-56W1
2403,B5573-58W1
2404,B5573-96
2405,B560-94
2406,B567-21
2407,B567-26
2408,B567-45
2409,B567-53
2410,B567-55
2411,B567-59P
2412,B567-59R
2413,B567-59S
2414,B567-83
2415,B567-86
2416,B567-92
2417,B575-31
2418,B575-36
2419,B575-46
2420,B575-81
2421,B575-82
2422,B575-91
2423,B575-96
2424,B575-97
2425,B5907-08
2426,B5907-31
2427,B5907-39
2428,B5909-64
2429,B5909-67
2430,B5909-98
2431,B5910-09
2432,B5910-31
2433,B5910-46
2434,B5910-56W1
2435,B5910-58W1
2436,B5910-93
2437,B5910-97W1
2438,B5932-54
2439,B5932-57
2440,B5932-96
2441,B598-31
2442,B598-36
2443,B598-46
2444,B598-54
2445,B598-54S
2446,B598-56
2447,B598-56S
2448,B598-57
2449,B598-58
2450,B598-92
2451,B598-94
2452,B598-94S
2453,B598-96S
2454,B598-97S
2455,B5995-31
2456,B5995-36
2457,B5995-46
2458,B5995-74
2459,B5995-77
2460,B5995-96
2461,B5996-09
2462,B5996-36
2463,B5996-51
2464,B5996-54
2465,B5996-56W1
2466,B5996-57
2467,B5996-58W1
2468,B5996-64
2469,B5996-67
2470,B5996-96
2471,B5996-97W1
2472,B5996-98
2473,B600-354
2474,B600-356
2475,B600-357
2476,B600-358
2477,B600-394
2478,B600-556W1
2479,B600-558W1
2480,B600-597W1
2481,B6000023-153
2482,B6000023-157
2483,B6000023-158
2484,B6000023-187
2485,B6000023-253
2486,B6000023-257
2487,B6000023-258
2488,B6000023-287
2489,B6000023-387
2490,B6000023-53
2491,B6000023-57
2492,B6000023-58
2493,B6000023-87
2494,B6000024-71
2495,B6000024-72
2496,B6000024-81
2497,B6000025-71
2498,B6000025-72
2499,B6000025-81
2500,B6000026-71
2501,B6000026-72
2502,B6000027-72
2503,B6000027-81
2504,B6000028-71
2505,B6000029-71
2506,B6000029-72
2507,B6000029-81
2508,B6000030-71
2509,B6000031-81
2510,B6000032-72
2511,B6000032-81
2512,B6000033-71
2513,B6000034-71
2514,B6000034-72
2515,B6000035-71
2516,B6000035-72
2517,B6000036-81
2518,B6000037-71
2519,B6000038-71
2520,B600023-158
2521,B600023-258
2522,B600023-58
2523,B600027-081
2524,B600038-071
2525,B600038-171
2526,B600063-030
2527,B600080-081
2528,B600080-181
2529,B600080-281
2530,B614-31
2531,B614-36
2532,B614-46
2533,B614-50
2534,B614-81
2535,B614-82
2536,B614-91
2537,B614-94
2538,B614-96
2539,B614-97
2540,B623-56
2541,B623-58
2542,B623-94
2543,B623-96
2544,B623-97
2545,B632-31
2546,B632-36
2547,B632-38
2548,B632-92
2549,B632-94
2550,B632-96
2551,B632-97
2552,B635-31
2553,B635-36
2554,B635-46
2555,B635-54S
2556,B635-56S
2557,B635-57
2558,B635-58
2559,B635-93
2560,B635-94S
2561,B635-96S
2562,B635-97S
2563,B637-31
2564,B637-36
2565,B637-46
2566,B637-54
2567,B637-56
2568,B637-57
2569,B637-58
2570,B637-93
2571,B637-94
2572,B637-96
2573,B637-97
2574,B644-31
2575,B644-36
2576,B644-46
2577,B644-54
2578,B644-56
2579,B644-57
2580,B644-58
2581,B644-74
2582,B644-76
2583,B644-77
2584,B644-78
2585,B644-93
2586,B644-94
2587,B644-95
2588,B644-96
2589,B644-97
2590,B644-98
2591,B644-99
2592,B647-31
2593,B647-46
2594,B647-91
2595,B647-91W9
2596,B657-74
2597,B657-77
2598,B658-31
2599,B658-36
2600,B658-46
2601,B658-54
2602,B658-56
2603,B658-57
2604,B658-58
2605,B658-92
2606,B658-94
2607,B658-96
2608,B658-97
2609,B659-31
2610,B659-36
2611,B659-46
2612,B659-54
2613,B659-56
2614,B659-56W1
2615,B659-57
2616,B659-58
2617,B659-58W1
2618,B659-74
2619,B659-76
2620,B659-77
2621,B659-78
2622,B659-93
2623,B659-94
2624,B659-95
2625,B659-96
2626,B659-96W1
2627,B659-97
2628,B659-98
2629,B659-98W1
2630,B659-99
2631,B662-31
2632,B662-36
2633,B662-46
2634,B662-74
2635,B662-76
2636,B662-77
2637,B662-78
2638,B662-91
2639,B662-92
2640,B662-94S
2641,B662-95
2642,B662-96S
2643,B662-97S
2644,B662-98
2645,B662-99
2646,B663-31
2647,B663-36
2648,B663-46
2649,B663-54
2650,B663-54W1
2651,B663-56
2652,B663-56W1
2653,B663-57
2654,B663-58
2655,B663-58W1
2656,B663-92
2657,B663-94
2658,B669-31
2659,B669-36
2660,B669-46
2661,B669-50
2662,B669-62
2663,B669-72
2664,B669-93
2665,B669-99
2666,B670-09
2667,B670-31
2668,B670-36
2669,B670-45
2670,B670-46
2671,B670-54
2672,B670-56
2673,B670-57
2674,B670-58
2675,B670-93
2676,B670-94
2677,B670-96
2678,B670-97
2679,B671-31
2680,B671-36
2681,B671-46
2682,B671-48
2683,B671-74
2684,B671-76
2685,B671-76W1
2686,B671-77
2687,B671-78
2688,B671-78W1
2689,B671-93
2690,B671-95
2691,B671-98
2692,B671-99
2693,B671-99W1
2694,B672-39
2695,B673-31
2696,B673-36
2697,B673-46
2698,B673-50
2699,B673-54
2700,B673-56
2701,B673-57
2702,B673-58
2703,B673-71
2704,B673-92
2705,B673-94
2706,B673-96
2707,B673-97
2708,B673-97W1
2709,B673-98
2710,B675-31
2711,B675-36
2712,B675-46
2713,B675-54
2714,B675-56
2715,B675-57
2716,B675-58
2717,B675-77
2718,B675-78
2719,B675-93
2720,B675-94
2721,B675-96
2722,B675-97
2723,B677-31
2724,B677-36
2725,B677-48
2726,B677-50S
2727,B677-64
2728,B677-66
2729,B677-67
2730,B677-68
2731,B677-91
2732,B677-95S
2733,B677-98S
2734,B677-99S
2735,B690-31
2736,B690-36
2737,B690-46
2738,B690-54
2739,B690-56
2740,B690-57
2741,B690-58
2742,B690-74
2743,B690-76
2744,B690-77
2745,B690-78
2746,B690-93
2747,B690-94
2748,B690-95
2749,B690-96
2750,B690-97
2751,B690-98
2752,B690-99
2753,B693-07
2754,B702-94
2755,B705-09
2756,B705-31
2757,B705-36
2758,B705-46
2759,B705-51
2760,B705-54
2761,B705-56
2762,B705-57
2763,B705-58
2764,B705-71
2765,B705-72
2766,B705-93
2767,B705-94
2768,B705-95
2769,B705-96
2770,B705-97
2771,B705-98
2772,B705-99
2773,B715-31
2774,B715-36
2775,B715-46
2776,B715-54
2777,B715-57
2778,B715-92
2779,B715-96
2780,B723-56W1
2781,B723-58W1
2782,B723-74
2783,B723-76
2784,B723-77
2785,B723-78
2786,B723-95
2787,B725-31
2788,B725-36
2789,B725-46
2790,B725-54
2791,B725-56
2792,B725-56W1
2793,B725-57
2794,B725-58
2795,B725-58W1
2796,B725-74
2797,B725-74W1
2798,B725-76
2799,B725-76W1
2800,B725-77
2801,B725-78
2802,B725-78W1
2803,B725-92
2804,B725-92W9
2805,B725-94
2806,B725-95
2807,B726-31
2808,B726-36
2809,B726-48
2810,B726-54
2811,B726-56
2812,B726-57
2813,B726-58
2814,B726-91
2815,B726-94
2816,B726-96
2817,B726-97
2818,B727-31
2819,B727-36
2820,B727-46
2821,B727-54S
2822,B727-56S
2823,B727-57
2824,B727-58
2825,B727-91
2826,B727-94S
2827,B727-96S
2828,B727-97S
2829,B736-77
2830,B736-78
2831,B805-294
2832,D154-225
2833,D167-01
2834,D167-25
2835,D258-223
2836,D293-223
2837,D314-01
2838,D314-124
2839,D314-13B
2840,D314-13T
2841,D314-15B
2842,D314-15T
2843,D321-225
2844,D328-60
2845,D387-01
2846,D387-15
2847,D390-01
2848,D390-15
2849,D395-325
2850,D400-024
2851,D400-101
2852,D400-102
2853,D400-103
2854,D400-104
2855,D400-213
2856,D400-225
2857,D411-425
2858,D436-124
2859,D436-32
2860,D442-00
2861,D442-01
2862,D442-09
2863,D442-25
2864,D442-45
2865,D442-80
2866,D442-81
2867,D448-01
2868,D448-45
2869,D471-01
2870,D471-35
2871,D471-60
2872,D485-124
2873,D485-13
2874,D485-60
2875,D506-124
2876,D506-32
2877,D507-124
2878,D507-13
2879,D5100-003
2880,D5100-005
2881,D5100-93
2882,D530-76
2883,D5300-50B
2884,D5300-50T
2885,D540-160
2886,D540-224
2887,D540-225
2888,D542-030
2889,D542-12
2890,D548-010
2891,D548-210
2892,D548-410
2893,D5510-02
2894,D5510-60
2895,D5510-86W5
2896,D553-124
2897,D553-130
2898,D553-230
2899,D553-50B
2900,D553-50T
2901,D553-55B
2902,D553-55T
2903,D553-60
2904,D553-65
2905,D564-60
2906,D578-01
2907,D578-01A
2908,D578-35
2909,D578-60
2910,D580-15B
2911,D580-15T
2912,D580-59
2913,D582-01
2914,D582-124
2915,D582-32B
2916,D582-32T
2917,D582-55B
2918,D582-55T
2919,D588-00
2920,D588-01
2921,D588-45
2922,D588-80
2923,D588-81
2924,D5907-04
2925,D5907-25
2926,D5907-60
2927,D5910-25
2928,D5921-01
2929,D5921-50B
2930,D5921-50T
2931,D5921-60
2932,D600009-424
2933,D600009-524
2934,D600011-124
2935,D600011-224
2936,D600014-124
2937,D600014-324
2938,D600015-324
2939,D600015-424
2940,D600015-524
2941,D600019-324
2942,D600019-524
2943,D600019-624
2944,D600020-124
2945,D600020-224
2946,D600021-324
2947,D600022-124
2948,D600022-224
2949,D600024-124
2950,D600049-224
2951,D605-25
2952,D608-13
2953,D608-424
2954,D608-430
2955,D608-524
2956,D608-530
2957,D626-01
2958,D626-01A
2959,D626-35
2960,D626-80
2961,D626-81
2962,D630-01
2963,D630-25
2964,D630-60
2965,D632-01
2966,D632-124
2967,D632-25
2968,D632-32
2969,D632-60
2970,D633-01
2971,D633-32
2972,D633-324
2973,D633-330
2974,D633-35
2975,D633-76
2976,D635-00
2977,D635-01
2978,D635-35
2979,D635-60
2980,D635-61
2981,D639-40
2982,D640-01
2983,D640-25
2984,D640-60
2985,D645-01
2986,D645-35
2987,D645-60
2988,D648-00
2989,D648-01
2990,D648-25
2991,D648-60
2992,D652-01
2993,D652-45
2994,D652-60
2995,D653-124
2996,D653-32
2997,D653-60
2998,D657-00
2999,D657-01
3000,D657-02
3001,D657-09
3002,D657-124
3003,D657-32
3004,D657-35
3005,D657-60
3006,D658-124
3007,D658-35
3008,D658-65
3009,D665-01
3010,D665-25
3011,D667-01
3012,D667-25
3013,D667-60
3014,D670-01
3015,D670-04
3016,D670-25
3017,D670-60
3018,D670-70
3019,D673-00
3020,D673-01
3021,D673-25
3022,D673-60
3023,D686-00
3024,D686-01
3025,D686-02
3026,D686-25
3027,D686-60
3028,D688-01
3029,D688-124
3030,D688-32
3031,D688-55B
3032,D688-55T
3033,D690-01
3034,D690-01A
3035,D690-50B
3036,D690-50T
3037,D690-55B
3038,D690-55T
3039,D690-80
3040,D690-81
3041,D709-00
3042,D709-01
3043,D709-25
3044,D709-60
3045,D714-32
3046,D714-60
3047,D721-00
3048,D721-01
3049,D721-25
3050,D721-60
3051,D723-01
3052,D723-02A
3053,D723-55B
3054,D723-55T
3055,D723-60
3056,D737-01
3057,D737-02A
3058,D737-35
3059,D737-80
3060,D738-01
3061,D739-01
3062,D739-25
3063,D739-60
3064,D754-25
3065,H180-24
3066,H209-19
3067,H300-510
3068,H316-10
3069,H319-15
3070,H319-18
3071,H319-42
3072,H319-46
3073,H319-47
3074,H319-48
3075,H319-49
3076,H374-11
3077,H426-44
3078,H478-01A
3079,H478-29
3080,H478-42
3081,H478-44
3082,H517-10
3083,H527-15
3084,H527-42
3085,H527-44
3086,H527-46
3087,H527-47
3088,H527-48
3089,H527-49
3090,H583-01A
3091,H583-44
3092,H583-46
3093,H583-48
3094,H585-10
3095,H587-10
3096,H5907-01A
3097,H5907-174T
3098,H5907-27
3099,H5907-74B
3100,H5907-74T
3101,H5907-77B
3102,H5907-77T
3103,H5920-73B
3104,H5920-73T
3105,H5932-01A
3106,H5932-21L
3107,H5932-21R
3108,H5932-21T
3109,H5932-25
3110,H5932-70
3111,H5932-70L
3112,H5932-70R
3113,H6000003-10
3114,H6000022-70
3115,H619-01A
3116,H619-17
3117,H619-27
3118,H619-40
3119,H630-44
3120,H636-60
3121,H636-60H
3122,H637-10
3123,H637-24
3124,H640-12
3125,H640-26
3126,H641-01A
3127,H659-01A
3128,H659-27
3129,H659-48
3130,H659-48W9
3131,H659-60
3132,H797-19
3133,L000018
3134,L000038
3135,L000188
3136,L000258
3137,L000268
3138,L000308
3139,L000338
3140,L000358
3141,L000388
3142,L000398
3143,L000438
3144,L000448
3145,L000458
3146,L000498
3147,L000518
3148,L000528
3149,L000538
3150,L000558
3151,L000568
3152,L000598
3153,L000608
3154,L000628
3155,L000638
3156,L000648
3157,L000758
3158,L100024
3159,L100044
3160,L100084
3161,L100264
3162,L100414
3163,L100494
3164,L100504
3165,L100514
3166,L100524
3167,L100534
3168,L100564
3169,L100574
3170,L100584
3171,L100594
3172,L117914W2
3173,L119304W2
3174,L177914
3175,L177924
3176,L204014
3177,L204034
3178,L204044
3179,L204141
3180,L205254
3181,L207004
3182,L207014
3183,L207034
3184,L207044
3185,L207064
3186,L207074
3187,L207084
3188,L207094
3189,L207114
3190,L207121
3191,L207124
3192,L207131
3193,L207134
3194,L207141
3195,L207144
3196,L207161
3197,L207184
3198,L207824
3199,L207951
3200,L208014
3201,L208064
3202,L208084
3203,L208094
3204,L235014
3205,L235394
3206,L235504
3207,L235514
3208,L235534
3209,L235544
3210,L235554
3211,L235564
3212,L243161
3213,L247014
3214,L247014W2
3215,L276001
3216,L311154W5
3217,L319834
3218,L324934
3219,L327174
3220,L327194
3221,L327204
3222,L347784
3223,L370004
3224,L370974
3225,L409914
3226,L409914W5
3227,L416124
3228,L419994
3229,L422294
3230,L422294W4
3231,L422294W5
3232,L428034W5
3233,L428041
3234,L428054
3235,L428074
3236,L428354
3237,L430034
3238,L430054
3239,L430074
3240,L430084
3241,L430134
3242,L430161
3243,L430164W5
3244,L430214
3245,L430254
3246,L430261
3247,L430264
3248,L430274
3249,L430284
3250,L430314
3251,L430344
3252,L430354
3253,L430364
3254,L430384
3255,L430394
3256,L430404
3257,L430424
3258,L430434
3259,L430464
3260,L430474
3261,L430504
3262,L430541
3263,L430544
3264,L433294
3265,L5004134W5
3266,L5007124W5
3267,L5007911W5
3268,L5007914W5
3269,L5008044W5
3270,L5010944W5
3271,L5030164W5
3272,L5033354W5
3273,L5039464W5
3274,L5041364W5
3275,L511954
3276,L511964
3277,L511974
3278,L511984
3279,L511994
3280,L513934
3281,L531044
3282,L60000016
3283,L60000017
3284,L60000018
3285,L60000044
3286,L60000148
3287,L725069
3288,L734061
3289,L734141
3290,L734141W5
3291,L734142
3292,L734142W5
3293,L734162
3294,L734171
3295,L734172
3296,L734181
3297,L734184
3298,L734212
3299,L734222
3300,L801584
3301,L801644
3302,L846554
3303,L849714
3304,L856304W5
3305,L857484
3306,L857534
3307,L857584
3308,L857584W2
3309,L857594
3310,L857614
3311,L857634
3312,L857644
3313,L857684
3314,L857694
3315,L857744
3316,M10113C
3317,M68151
3318,M68231
3319,M68241
3320,M68251
3321,M68431
3322,M68441
3323,M68451
3324,M68531
3325,M68541
3326,M68551
3327,M68731
3328,M68741
3329,M68751
3330,M68831
3331,M68841
3332,M68851
3333,M69541W1
3334,M69551
3335,M70431W6
3336,M70441W6
3337,M70511
3338,M70511W1
3339,M70521
3340,M70531
3341,M70531W1
3342,M70531W6
3343,M70531W8
3344,M70541
3345,M70541W1
3346,M70541W4
3347,M70541W6
3348,M70541W8
3349,M70631W3
3350,M70641W3
3351,M70641W4
3352,M70711W1
3353,M70731W6
3354,M70741W6
3355,M70841W4
3356,M70911W1
3357,M70931W6
3358,M70931W9
3359,M70941W6
3360,M70941W9
3361,M73671
3362,M73771
3363,M75611
3364,M75621
3365,M75631
3366,M75641
3367,M75651
3368,M75711
3369,M75721
3370,M75731
3371,M75741
3372,M75751
3373,M75831
3374,M75841
3375,M75851
3376,M76751
3377,M76831
3378,M76841
3379,M76851
3380,M76951
3381,M77041
3382,M77051
3383,M77131
3384,M77141
3385,M77151
3386,M79431W3
3387,M79441W3
3388,M79531W3
3389,M79541W3
3390,M79631W3
3391,M79641W3
3392,M80211
3393,M80221
3394,M80411
3395,M80421
3396,M81X12
3397,M81X22
3398,M81X32
3399,M81X42
3400,M81X52
3401,M81X62
3402,M82151
3403,M82171
3404,M82241
3405,M82271
3406,M82331
3407,M82341
3408,M82351
3409,M82512
3410,M82513
3411,M82514
3412,M82520
3413,M82521
3414,M82522
3415,M82523
3416,M82524
3417,M82525
3418,M82611
3419,M83X12
3420,M83X22
3421,M83X32
3422,M83X42
3423,M83X52
3424,M86X12
3425,M86X22
3426,M86X32
3427,M86X42
3428,M90711
3429,M90721
3430,M90731
3431,M90741
3432,M90751
3433,M90811
3434,M90821
3435,M90831
3436,M90841
3437,M90851
3438,M91411W3
3439,M91411W8
3440,M91421W3
3441,M91421W5
3442,M91431W3
3443,M91441W3
3444,M91441W4
3445,M91521W2
3446,M91531W3
3447,M91541W3
3448,M91611W3
3449,M91621W2
3450,M91621W3
3451,M91631W2
3452,M91631W6
3453,M91641W3
3454,M91641W6
3455,M91731W8
3456,M91741W3
3457,M91741W5
3458,M91741W8
3459,M91831W9
3460,M91841W9
3461,M92831W2
3462,M92831W6
3463,M92831W9
3464,M92841W2
3465,M92841W6
3466,M92841W9
3467,M92931W2
3468,M92931W9
3469,M92941W2
3470,M92941W9
3471,M94411
3472,M94451
3473,M94541
3474,M94551
3475,M94631
3476,M94731
3477,M95311
3478,M95321
3479,M95331
3480,M95431
3481,M96331W1
3482,M96411
3483,M96421
3484,M96451
3485,M9X432
3486,M9X432W1
3487,M9X442
3488,M9X442A
3489,M9X442AW1
3490,M9X442AW3
3491,M9X442W1
3492,M9X442W3
3493,M9X452
3494,M9X452A
3495,M9X532
3496,M9X532W1
3497,M9X532W4
3498,M9X542
3499,M9X542A
3500,M9X542AW1
3501,M9X542AW3
3502,M9X542W1
3503,M9X542W3
3504,M9X552
3505,M9X552A
3506,M9X572
3507,M9X632W1
3508,M9X642
3509,M9X642A
3510,M9X642AW1
3511,M9X642AW3
3512,M9X642W1
3513,M9X642W3
3514,M9X652
3515,M9X652A
3516,Q033004Q
3517,Q114001T
3518,Q114003F
3519,Q225013F
3520,Q225021T
3521,Q225033F
3522,Q225041T
3523,Q225043F
3524,Q228001T
3525,Q228003F
3526,Q229001T
3527,Q233001T
3528,Q233003F
3529,Q234001T
3530,Q234003F
3531,Q238003K
3532,Q238003Q
3533,Q243013K
3534,Q243013Q
3535,Q243023K
3536,Q243023Q
3537,Q245003Q
3538,Q246003K
3539,Q248013K
3540,Q248013Q
3541,Q249023K
3542,Q256033K
3543,Q256043Q
3544,Q259003K
3545,Q261003K
3546,Q261003Q
3547,Q263003K
3548,Q264003K
3549,Q264003Q
3550,Q265003K
3551,Q265003Q
3552,Q267003K
3553,Q267003Q
3554,Q269003K
3555,Q269003Q
3556,Q275003K
3557,Q275003Q
3558,Q278013K
3559,Q278013Q
3560,Q283003Q
3561,Q291001T
3562,Q291003F
3563,Q315003K
3564,Q315003Q
3565,Q317003Q
3566,Q323003K
3567,Q323003Q
3568,Q324003K
3569,Q324003Q
3570,Q325003Q
3571,Q326003K
3572,Q326003Q
3573,Q327003K
3574,Q327003Q
3575,Q328003K
3576,Q328003Q
3577,Q329003Q
3578,Q330003K
3579,Q330003Q
3580,Q332003K
3581,Q332003Q
3582,Q333003K
3583,Q335003Q
3584,Q336003K
3585,Q336003Q
3586,Q338013K
3587,Q338013Q
3588,Q338023K
3589,Q338023Q
3590,Q339003K
3591,Q339003Q
3592,Q346013K
3593,Q346013Q
3594,Q346023K
3595,Q346023Q
3596,Q347003K
3597,Q347003Q
3598,Q348003K
3599,Q348003Q
3600,Q362003K
3601,Q362003Q
3602,Q363003K
3603,Q364003K
3604,Q364003Q
3605,Q365013Q
3606,Q366003K
3607,Q375003K
3608,Q375003Q
3609,Q385003K
3610,Q386003K
3611,Q404003K
3612,Q409003F
3613,Q417013K
3614,Q451003Q
3615,Q463003Q
3616,Q470003Q
3617,Q472003Q
3618,Q495003F
3619,Q498001T
3620,Q499003K
3621,Q499003Q
3622,Q5000160K
3623,Q5000160Q
3624,Q5000170K
3625,Q5000170Q
3626,Q5000180K
3627,Q5000180Q
3628,Q5000190K
3629,Q5000200Q
3630,Q5000210Q
3631,Q5000220K
3632,Q5000230K
3633,Q5001049T
3634,Q5008001Q
3635,Q5011011K
3636,Q5011011Q
3637,Q5011021K
3638,Q5011021Q
3639,Q5012001Q
3640,Q5021001Q
3641,Q705003K
3642,Q705003Q
3643,Q706003K
3644,Q706003Q
3645,Q707003K
3646,Q707003Q
3647,Q709003K
3648,Q709003Q
3649,Q726013K
3650,Q726013Q
3651,Q726023Q
3652,Q728013Q
3653,Q728023K
3654,Q728023Q
3655,Q728033K
3656,Q728033Q
3657,Q729011T
3658,Q730001T
3659,Q732003K
3660,Q732003Q
3661,Q733013K
3662,Q734013K
3663,Q734013Q
3664,Q734023K
3665,Q734023Q
3666,Q735003Q
3667,Q737023Q
3668,Q739003Q
3669,Q739013K
3670,Q740003Q
3671,Q742003K
3672,Q743023F
3673,Q744001T
3674,Q744003F
3675,Q745013K
3676,Q745013Q
3677,Q745023K
3678,Q745023Q
3679,Q746001T
3680,Q747001T
3681,Q748003Q
3682,Q755013K
3683,Q755013Q
3684,Q757013Q
3685,Q757023Q
3686,Q758013F
3687,Q758023F
3688,Q758033F
3689,Q758043F
3690,Q759011T
3691,Q759013F
3692,Q759023F
3693,Q759033F
3694,Q759041T
3695,Q759051T
3696,Q759053F
3697,Q759071T
3698,Q759073F
3699,Q759083F
3700,Q759093F
3701,Q760013K
3702,Q760023K
3703,Q760023Q
3704,Q760033Q
3705,Q760043Q
3706,Q765003Q
3707,Q766001T
3708,Q766003F
3709,Q767003F
3710,Q768001T
3711,Q768003F
3712,Q769001T
3713,Q769003F
3714,Q770003F
3715,Q772001T
3716,Q772003F
3717,Q773001T
3718,Q773003F
3719,Q774001T
3720,Q774003F
3721,Q775001T
3722,Q775003F
3723,Q776013Q
3724,Q776023K
3725,Q776033K
3726,Q776033Q
3727,Q777001T
3728,Q777003F
3729,Q786001T
3730,R099001
3731,R099002
3732,R135012
3733,R219002
3734,R228002
3735,R276002
3736,R295002
3737,R307002
3738,R309002
3739,R324002
3740,R326002
3741,R400001
3742,R400002
3743,R400011
3744,R400012
3745,R400021
3746,R400022
3747,R400031
3748,R400032
3749,R400041
3750,R400051
3751,R400071
3752,R400072
3753,R400081
3754,R400091
3755,R400092
3756,R400101
3757,R400102
3758,R400111
3759,R400121
3760,R400132
3761,R400141
3762,R400142
3763,R400151
3764,R400152
3765,R400162
3766,R400192
3767,R400211
3768,R400212
3769,R400222
3770,R400241
3771,R400242
3772,R400252
3773,R400261
3774,R400262
3775,R400281
3776,R400282
3777,R400301
3778,R400311
3779,R400312
3780,R400321
3781,R400331
3782,R400332
3783,R400341
3784,R400342
3785,R400352
3786,R400362
3787,R400371
3788,R400372
3789,R400381
3790,R400392
3791,R400402
3792,R400411
3793,R400412
3794,R400421
3795,R400422
3796,R400431
3797,R400432
3798,R400451
3799,R400452
3800,R400492
3801,R400512
3802,R400532
3803,R400552
3804,R400572
3805,R400592
3806,R400601
3807,R400602
3808,R400621
3809,R400622
3810,R400632
3811,R400641
3812,R400642
3813,R400651
3814,R400652
3815,R400661
3816,R400662
3817,R400681
3818,R400682
3819,R400691
3820,R400692
3821,R400701
3822,R400702
3823,R400711
3824,R400712
3825,R400721
3826,R400722
3827,R400731
3828,R400732
3829,R400751
3830,R400752
3831,R400761
3832,R400762
3833,R400771
3834,R400772
3835,R400781
3836,R400782
3837,R400791
3838,R400792
3839,R400821
3840,R400822
3841,R400841
3842,R400842
3843,R400851
3844,R400852
3845,R400861
3846,R400862
3847,R400871
3848,R400872
3849,R400881
3850,R400882
3851,R400891
3852,R400892
3853,R400901
3854,R400902
3855,R400911
3856,R400912
3857,R400921
3858,R400922
3859,R400932
3860,R400942
3861,R400952
3862,R400961
3863,R400962
3864,R401041
3865,R401051
3866,R401052
3867,R401061
3868,R401062
3869,R401091
3870,R401092
3871,R401101
3872,R401102
3873,R401111
3874,R401112
3875,R401131
3876,R401141
3877,R401142
3878,R401152
3879,R401172
3880,R401191
3881,R401192
3882,R401322
3883,R401331
3884,R401332
3885,R401371
3886,R401372
3887,R401401
3888,R401402
3889,R401431
3890,R401432
3891,R401452
3892,R401471
3893,R401492
3894,R401501
3895,R401511
3896,R401512
3897,R401521
3898,R401522
3899,R401561
3900,R401562
3901,R401571
3902,R401621
3903,R401622
3904,R401631
3905,R401632
3906,R401641
3907,R401642
3908,R401661
3909,R401662
3910,R401672
3911,R401691
3912,R401692
3913,R401701
3914,R401702
3915,R401712
3916,R401722
3917,R401731
3918,R401732
3919,R401772
3920,R401781
3921,R401782
3922,R401801
3923,R401802
3924,R401811
3925,R401812
3926,R401821
3927,R401822
3928,R401831
3929,R401832
3930,R401841
3931,R401842
3932,R401851
3933,R401852
3934,R401882
3935,R401902
3936,R401912
3937,R401922
3938,R401931
3939,R401932
3940,R401941
3941,R401942
3942,R401952
3943,R401991
3944,R401992
3945,R402001
3946,R402002
3947,R402031
3948,R402032
3949,R402092
3950,R402102
3951,R402172
3952,R402202
3953,R402212
3954,R402221
3955,R402222
3956,R402241
3957,R402242
3958,R402272
3959,R402281
3960,R402282
3961,R402301
3962,R402302
3963,R402311
3964,R402312
3965,R402321
3966,R402322
3967,R402331
3968,R402332
3969,R402341
3970,R402342
3971,R402391
3972,R402392
3973,R402451
3974,R402452
3975,R402471
3976,R402472
3977,R402481
3978,R402482
3979,R402491
3980,R402492
3981,R402501
3982,R402502
3983,R402511
3984,R402512
3985,R402531
3986,R402532
3987,R402551
3988,R402552
3989,R402661
3990,R402662
3991,R402681
3992,R402682
3993,R402711
3994,R402712
3995,R402731
3996,R402732
3997,R402741
3998,R402742
3999,R402812
4000,R5000225
4001,R5000285
4002,R5000315
4003,R5000325
4004,R5000365
4005,R5000371
4006,R5000372
4007,R5000381
4008,R5000392
4009,R5000432
4010,R5000442
4011,R5000452
4012,R5000462
4013,R5000472
4014,R5000482
4015,R5000492
4016,R5000512
4017,R5009022
4018,R5015012
4019,R5016012
4020,R5018012
4021,R5019022
4022,R60000011
4023,R60000012
4024,R60000013
4025,R60000014
4026,R60000015
4027,R60000016
4028,R60000017
4029,R60000018
4030,R60000025
4031,R60000026
4032,R60000029
4033,R60000030
4034,R60000037
4035,R60000038
4036,R60000039
4037,R60000040
4038,R60000044
4039,R60000045
4040,R60000046
4041,R60000047
4042,R60000048
4043,R60000049
4044,R60000050
4045,R60000051
4046,R60000054
4047,R60000056
4048,R60000057
4049,R60000058
4050,R60000059
4051,R60000060
4052,R60000062
4053,R60000063
4054,R60000088
4055,R60000090
4056,R60000157
4057,R60000158
4058,R60000159
4059,R60000160
4060,R60000161
4061,R60000162
4062,R60000163
4063,R60000164
4064,R60000165
4065,R60000166
4066,R60000169
4067,R60000170
4068,R60000171
4069,R60000172
4070,R60000173
4071,R60000174
4072,R60000175
4073,R60000176
4074,R60000177
4075,R60000178
4076,R60000179
4077,R60000180
4078,R60000181
4079,R60000182
4080,R60000192
4081,R60000193
4082,R60000196
4083,R60000197
4084,R60000198
4085,R60000199
4086,R60000200
4087,R60000201
4088,R60000202
4089,R60000203
4090,R60000204
4091,R60000205
4092,R60000212
4093,R60000213
4094,R60000218
4095,R60000219
4096,R60000220
4097,R60000221
4098,R60000222
4099,R60000223
4100,R60000225
4101,R60000227
4102,R60000228
4103,R60000229
4104,R60000230
4105,R60000231
4106,R60000235
4107,R60000236
4108,R60000237
4109,R60000241
4110,R60000242
4111,R60000243
4112,R60000244
4113,R60000245
4114,R60000246
4115,R60000247
4116,R60000248
4117,R60000249
4118,R60000250
4119,R60000251
4120,R60000252
4121,R60000253
4122,R60000254
4123,R60000255
4124,R60000265
4125,R60000266
4126,R60000267
4127,R60000271
4128,R60000272
4129,R60000273
4130,R60000277
4131,R60000278
4132,R60000279
4133,R60000280
4134,R60000281
4135,R60000282
4136,R60000283
4137,R60000284
4138,R60000285
4139,R60000286
4140,R60000287
4141,R60000288
4142,R60000289
4143,R60000290
4144,R60000295
4145,R60000296
4146,R60000297
4147,R60000298
4148,R60000325
4149,R60000326
4150,R60000327
4151,R60000328
4152,R60000329
4153,R60000330
4154,R60000331
4155,R60000332
4156,R60000335
4157,R60000336
4158,R60000339
4159,R60000340
4160,R60000341
4161,R60000342
4162,R60000343
4163,R60000344
4164,R60000351
4165,R60000352
4166,R60000353
4167,R60000363
4168,R60000364
4169,R60000365
4170,R60000366
4171,R60000367
4172,R60000368
4173,R60000369
4174,R60000370
4175,R60000371
4176,R60000372
4177,R60000373
4178,R60000374
4179,R60000381
4180,R60000382
4181,R60000383
4182,R60000392
4183,R60000393
4184,R60000398
4185,R60000399
4186,R60000400
4187,R60000401
4188,R60000402
4189,R60000403
4190,R60000404
4191,R60000405
4192,R60000406
4193,R60000407
4194,R60000408
4195,R60000409
4196,R60000410
4197,R60000411
4198,R60000414
4199,R60000415
4200,R60000422
4201,R60000423
4202,R60000432
4203,R60000433
4204,R60000451
4205,R60000452
4206,R60000459
4207,R60000460
4208,R60000515
4209,R60000522
4210,R60000529
4211,R60000530
4212,R60000780
4213,R60000789
4214,R60000795
4215,R60000814
4216,R60000815
4217,R60000824
4218,R60000826
4219,R60000836
4220,R60000838
4221,R60000839
4222,R60000840
4223,R60000841
4224,R60000842
4225,R60000843
4226,R60000844
4227,R60000845
4228,R60000846
4229,R60000847
4230,R60000848
4231,R60000849
4232,R60000850
4233,R60000851
4234,R60000852
4235,R60000853
4236,R60000854
4237,R60000855
4238,R60000856
4239,R60000857
4240,R60000858
4241,R60000863
4242,R60000894
4243,R60000899
4244,R60000909
4245,R60000910
4246,R60000911
4247,R60000912
4248,R60000913
4249,R60000914
4250,R60000915
4251,R60000916
4252,R60000917
4253,R60000918
4254,R60000919
4255,R60000920
4256,R60000929
4257,R60000931
4258,R60000933
4259,R60000942
4260,R60000947
4261,R60000959
4262,R60000960
4263,R60000961
4264,R60000962
4265,R60000963
4266,R60000964
4267,R60000965
4268,T009-13
4269,T014-13
4270,T016-13
4271,T017-591
4272,T027-1
4273,T027-3
4274,T027-4
4275,T047-13
4276,T049-13
4277,T050-240
4278,T050-260
4279,T052-13
4280,T053-3
4281,T056-13
4282,T080-1
4283,T080-3
4284,T086-0
4285,T086-4
4286,T086-6
4287,T088-1
4288,T088-3
4289,T096-1
4290,T096-2
4291,T096-4
4292,T116-13
4293,T125-13
4294,T133-13
4295,T141-13
4296,T160-13
4297,T160-4
4298,T165-13
4299,T170-106
4300,T170-107
4301,T183-13
4302,T212-13
4303,T233-0
4304,T233-1
4305,T233-2
4306,T233-4
4307,T233-7
4308,T260-13
4309,T262-13
4310,T291-13
4311,T294-16
4312,T294-8
4313,T298-13
4314,T328-2
4315,T328-4
4316,T328-8
4317,T334-1
4318,T334-10
4319,T334-11
4320,T334-3
4321,T340-13
4322,T345-13
4323,T350-13
4324,T353-0
4325,T353-2
4326,T353-4
4327,T353-7
4328,T371-2
4329,T371-8
4330,T374-13
4331,T401-13
4332,T408-13
4333,T415-1
4334,T415-2
4335,T415-4
4336,T426-1
4337,T426-2
4338,T434-1
4339,T436-1
4340,T436-3
4341,T467-1
4342,T467-3
4343,T479-1
4344,T479-3
4345,T479-7
4346,T496-2
4347,T496-4
4348,T496-6
4349,T496-7
4350,T496-8
4351,T500-104
4352,T500-301
4353,T500-302
4354,T500-430
4355,T500-502
4356,T500-504
4357,T500-716
4358,T500-720
4359,T500-721
4360,T500-804
4361,T505-642
4362,T506-211
4363,T5479-1
4364,T5479-3
4365,T559-13
4366,T5901-2
4367,T5901-20
4368,T5907-2
4369,T5907-20
4370,T5907-7
4371,T5907-8
4372,T5910-1
4373,T5910-3
4374,T5911-0
4375,T5911-6
4376,T5921-1
4377,T5921-2
4378,T5931-163
4379,T5933-1
4380,T5933-3
4381,T5938-4
4382,T5938-6
4383,T5938-8
4384,T607-2
4385,T626-6
4386,T626-8
4387,T628-2
4388,T628-8
4389,T654-0
4390,T654-1
4391,T654-2
4392,T654-40
4393,T654-6
4394,T654-7
4395,T660-1
4396,T660-3
4397,T660-4
4398,T660-7
4399,T705-1
4400,T705-2
4401,T705-4
4402,T710-2
4403,T710-8
4404,T739-6
4405,T739-8
4406,T746-6
4407,T746-8
4408,T753-20
4409,T753-3
4410,T753-4
4411,T762-1
4412,T762-7
4413,T771-4
4414,T783-7W9
4415,T805-16
4416,T805-4
4417,T805-6
4418,T805-8
4419,T809-3W9
4420,T815-1
4421,T815-3
4422,T819-0
4423,T819-4
4424,T819-6
4425,T825-2
4426,T825-9
4427,T835-1
4428,T835-2
4429,T835-7
4430,T838-1
4431,T838-3
4432,T838-4
4433,T840-1
4434,T862-1
4435,T862-20
4436,T862-7
4437,T863-1
4438,T863-3
4439,T863-4
4440,T866-1
4441,T866-3
4442,T870-20
4443,T878-3
4444,T878-9
4445,T881-1
4446,T881-3
4447,T881-4
4448,T895-1
4449,T895-3
4450,T895-4
4451,T900-636
4452,T900-636W9
4453,T900-657W9
4454,T900-663
4455,T907-1
4456,T907-3
4457,T907-4
4458,T911-1
4459,T911-2
4460,T911-4
4461,T913-1
4462,T913-5
4463,T928-3
4464,T928-7
4465,T928-8
4466,T935-4
4467,T940-1
4468,T940-2
4469,T943-1
4470,T943-4
4471,T943-7
4472,T945-1
4473,T945-2
4474,T945-4
4475,T953-2
4476,T953-4
4477,T953-8
4478,T963-1
4479,T963-2
4480,T963-4
4481,T975-1
4482,T975-3
4483,T975-4
4484,T975-7
4485,U600007-045
4486,U600008-145
4487,U6070125
4488,U6070187
4489,U6070188
4490,U6070194
4491,U6070196
4492,U6070198
4493,U6110014
4494,U6110020
4495,U6110035
4496,U6110038
4497,U6120120
4498,U6120135
4499,U6120138
4500,U6130020
4501,U6130038
4502,U7140020
4503,U7140035
4504,U7140038
4505,U7150016
4506,U7150017
4507,U7150066
4508,U7150067
4509,U7190125
4510,U7190174
4511,U7190186
4512,U7190187
4513,U7190188
4514,U7190198
4515,U7191025
4516,U7191074
4517,U7191086
4518,U7191087
4519,U7191088
4520,U7191098
4521,U7191125
4522,U7191174
4523,U7191187
4524,U7191188
4525,U7191198
4526,U7191225
4527,U7191274
4528,U7191286
4529,U7191287
4530,U7191288
4531,U7191298
4532,U7191325
4533,U7191374
4534,U7191386
4535,U7191387
4536,U7191388
4537,U7191398
4538,U7210019
4539,U7210025
4540,U7210040
4541,U7210041
4542,U7210046
4543,U7210057
4544,U7210058
4545,U7210062
4546,U7210077
4547,U7210098
4548,U7220020
4549,U7220035
4550,U7220038
4551,U7220060
4552,U7260125
4553,U7260174
4554,U7260186
4555,U7260187
4556,U7260188
4557,U7260198
4558,U7350006
4559,U7350029
4560,U7350047
4561,U7350074
4562,U7350081
4563,U7350086
4564,U7370029
4565,U7370086
4566,U7370088
4567,U7491019
4568,U7491040
4569,U7491041
4570,U7491046
4571,U7491057
4572,U7491058
4573,U7491062
4574,U7491077
4575,U7491119
4576,U7491140
4577,U7491141
4578,U7491146
4579,U7491157
4580,U7491158
4581,U7491162
4582,U7491177
4583,U7491219
4584,U7491240
4585,U7491241
4586,U7491246
4587,U7491257
4588,U7491258
4589,U7491262
4590,U7491277
4591,U7491319
4592,U7491340
4593,U7491341
4594,U7491346
4595,U7491357
4596,U7491358
4597,U7491362
4598,U7491377
4599,U7500119
4600,U7500140
4601,U7500141
4602,U7500146
4603,U7500157
4604,U7500158
4605,U7500162
4606,U7500177
4607,U7501019
4608,U7501040
4609,U7501041
4610,U7501046
4611,U7501057
4612,U7501058
4613,U7501062
4614,U7501077
4615,U7501119
4616,U7501140
4617,U7501141
4618,U7501157
4619,U7501158
4620,U7501177
4621,U7501219
4622,U7501240
4623,U7501241
4624,U7501246
4625,U7501257
4626,U7501258
4627,U7501262
4628,U7501277
4629,U7501319
4630,U7501340
4631,U7501341
4632,U7501346
4633,U7501357
4634,U7501358
4635,U7501362
4636,U7501377
4637,U7540016
4638,U7540017
4639,U7540034
4640,U7540048
4641,U7540049
4642,U7610016
4643,U7610017
4644,U7610055
4645,U7610056
4646,U7660025
4647,U7660047
4648,U7660077
4649,U7660081
4650,U7660094
4651,U7660096
4652,U7660098
4653,U7800125
4654,U7800174
4655,U7800186
4656,U7800187
4657,U7800188
4658,U7800198
4659,U7800225
4660,U7800274
4661,U7800286
4662,U7800287
4663,U7800288
4664,U7800298
4665,U780XX30
4666,U7900020
4667,U7900035
4668,U7900038
4669,U7940135
4670,U7940138
4671,U7990020
4672,U7990035
4673,U7990038
4674,U8330260
4675,U8330360
4676,U8330560
4677,U9200121
4678,U9200135
4679,U9200138
4680,U9500014
4681,U9500020
4682,U9500021
4683,U9500035
4684,U9500038
4685,U9510014
4686,U9510021
4687,U9510023
4688,U9510035
4689,U9510038
4690,U9690020
4691,U9690035
4692,U9690038
4693,U9820143W3
4694,U9820147W3
4695,U9820152W3
4696,U9820181W3
4697,U9820182W3
4698,U9820191W3
4699,W048-10
4700,W049-10
4701,W100-31
4702,W257-24
4703,W257-25
4704,W257-68
4705,W261-24
4706,W261-27
4707,W261-68
4708,W347-68
4709,W371-68
4710,W403-24
4711,W403-25
4712,W403-60
4713,W478-68
4714,W5110-111
4715,W5110-112
4716,W5110-121
4717,W5110-122L
4718,W5110-122R
4719,W5110-15
4720,W5110-20
4721,W5110-200
4722,W5110-201
4723,W5112-121
4724,W5112-24
4725,W5112-25
4726,W5114-122L
4727,W5114-15
4728,W5114-200
4729,W5114-201
4730,W5220-20
4731,W5222-20
4732,W527-18
4733,W527-28
4734,W527-38
4735,W533-30
4736,W552-68
4737,W553-31
4738,W553-33
4739,W553-34
4740,W553-35
4741,W553-35W5
4742,W553-35W6
4743,W553-35W7
4744,W553-68
4745,W5907-20
4746,W5910-20
4747,W5995-20
4748,W6000002-11
4749,W643-22
4750,W643-23
4751,W643-24
4752,W643-25
4753,W657-68
4754,W668-23W6
4755,W668-24W6
4756,W669-68
4757,W669-88
4758,W678-20
4759,W678-23
4760,W678-24
4761,W678-25
4762,W678-38
4763,W684-48
4764,W687-68
4765,W697-120
4766,W697-132
4767,W697-23
4768,W697-24
4769,W697-25
4770,W697-28
4771,W697-33
4772,W697-34
4773,W697-35
4774,W697-38
4775,W697-58
4776,W701-28
4777,W701-58
4778,W745-58
4779,W891-48